{"is_source_file": true, "format": "HTML", "description": "This source file is an HTML document that provides the frontend interface for a database visualization and browsing tool. It includes layout, styling, and embedded JavaScript to dynamically load and display database information, tables, and data samples.", "external_files": [], "external_methods": [], "published": [], "classes": [], "methods": [], "calls": ["refreshDatabases()", "toggleDatabase()", "loadTables()", "loadTableData()", "renderTable()", "renderCell()", "expandCell()", "fetchData()", "showLoading()", "showError()", "showEmptyState()", "setActiveState()"], "search-terms": ["HTML", "Database Viewer", "frontend", "interactive table", "JavaScript", "embedded-style", "dynamic data loading", "tables list", "responsive design"], "state": 2, "file_id": 5, "knowledge_revision": 13, "git_revision": "eababc103af1350932ee22d78c3d65dac4b32b6d", "hash": "ee63333a4841bf025439c755a74c9881", "format-version": 4, "code-base-name": "chat_database", "filename": "chat_database/db_visualizer/public/index.html", "revision_history": [{"13": "eababc103af1350932ee22d78c3d65dac4b32b6d"}]}