{"is_source_file": true, "format": "bash", "description": "A shell script for automatically detecting and backing up various types of databases (SQLite, PostgreSQL, MySQL, MongoDB). The script performs checks for running database instances and executes appropriate backup commands, saving backups to files.", "external_files": ["/usr/lib/postgresql/", "/var/run/mysqld/mysqld.sock"], "external_methods": ["pg_isready", "mysqladmin", "mongosh"], "published": [], "classes": [], "methods": [], "calls": ["cp", "ls", "sudo -u postgres pg_isready", "sudo -u postgres pg_dump", "mysqladmin ping", "mysql", "mysqldump", "sudo mysql", "mongosh", "mongodump"], "search-terms": ["backup_db", "backup_script", "detect_and_backup", "database_backup_sh", "multi-database"], "state": 2, "file_id": 6, "knowledge_revision": 14, "git_revision": "eababc103af1350932ee22d78c3d65dac4b32b6d", "hash": "7af9aa35fa4940f934d83f6e2621b732", "format-version": 4, "code-base-name": "chat_database", "filename": "chat_database/backup_db.sh", "revision_history": [{"14": "eababc103af1350932ee22d78c3d65dac4b32b6d"}]}