{"is_source_file": false, "format": "", "description": "", "external_files": [], "external_methods": [], "published": [], "classes": [], "methods": [], "calls": [], "search-terms": [], "state": 2, "file_id": 4, "knowledge_revision": 10, "git_revision": "eababc103af1350932ee22d78c3d65dac4b32b6d", "hash": "0c9f36dfd1a6dee9fa952c06ab7d9563", "format-version": 4, "code-base-name": "chat_database", "filename": "chat_database/db_visualizer/package.json", "revision_history": [{"10": "eababc103af1350932ee22d78c3d65dac4b32b6d"}]}