{"is_source_file": false, "format": "", "description": "", "external_files": [], "external_methods": [], "published": [], "classes": [], "methods": [], "calls": [], "search-terms": [], "state": 2, "file_id": 1, "knowledge_revision": 9, "git_revision": "eababc103af1350932ee22d78c3d65dac4b32b6d", "hash": "67505395c0df4c9c001ab8f47571f3fb", "format-version": 4, "code-base-name": "chat_database", "filename": "chat_database/restore_db.sh", "revision_history": [{"9": "eababc103af1350932ee22d78c3d65dac4b32b6d"}]}