{"is_source_file": true, "format": "bash", "description": "This is a startup script for initializing and running a PostgreSQL database server, including checks for existing instances, database creation, user setup, permission configuration, and environment setup for subsequent applications.", "external_files": ["/usr/lib/postgresql/<version>/bin/pg_isready", "/usr/lib/postgresql/<version>/bin/psql", "/usr/lib/postgresql/<version>/bin/initdb", "/usr/lib/postgresql/<version>/bin/postgres", "/var/lib/postgresql/data/PG_VERSION"], "external_methods": ["ls", "sudo", "pgrep", "cat"], "published": ["db_connection.txt", "db_visualizer/postgres.env"], "classes": [], "methods": [], "calls": ["/usr/lib/postgresql/<version>/bin/pg_isready", "/usr/lib/postgresql/<version>/bin/psql", "/usr/lib/postgresql/<version>/bin/initdb", "/usr/lib/postgresql/<version>/bin/postgres", "/usr/lib/postgresql/<version>/bin/createdb", "ls", "pgrep", "cat"], "search-terms": ["PostgreSQL startup script", "pg_isready", "initdb", "start PostgreSQL server", "database and user setup", "permissions configuration", "bash script"], "state": 2, "file_id": 2, "knowledge_revision": 12, "git_revision": "eababc103af1350932ee22d78c3d65dac4b32b6d", "hash": "fa2aa67ea0a7c72f7c0958282f15a864", "format-version": 4, "code-base-name": "chat_database", "filename": "chat_database/startup.sh", "revision_history": [{"12": "eababc103af1350932ee22d78c3d65dac4b32b6d"}]}